CFFEX,T,债券
CFFEX,TF,债券
CFFEX,TS,债券
DCE,a,农产品
DCE,b,农产品
DCE,c,农产品
DCE,cs,农产品
DCE,jd,农产品
DCE,m,农产品
DCE,p,农产品
DCE,rr,农产品
DCE,y,农产品
CZCE,AP,农产品
CZCE,CF,农产品
CZCE,CJ,农产品
CZCE,CY,农产品
CZCE,OI,农产品
CZCE,RM,农产品
CZCE,SR,农产品
CZCE,WH,农产品
SHFE,ru,能化
INE,nr,能化
SHFE,sp,能化
CZCE,UR,能化
SHFE,ni,有色
SHFE,ag,贵金属
SHFE,al,有色
SHFE,au,贵金属
SHFE,cu,有色
SHFE,pb,有色
SHFE,sn,有色
SHFE,ss,有色
SHFE,zn,有色
CFFEX,IF,股指
CFFEX,IH,股指
CFFEX,IC,股指
SHFE,bu,能化
SHFE,fu,能化
INE,lu,能化
INE,sc,能化
DCE,eb,能化
DCE,eg,能化
DCE,l,能化
DCE,pg,能化
DCE,pp,能化
DCE,v,能化
CZCE,MA,能化
CZCE,SA,能化
CZCE,TA,能化
SHFE,rb,黑色
SHFE,hc,黑色
DCE,i,黑色
DCE,j,黑色
DCE,jm,黑色
CZCE,FG,黑色
CZCE,SF,黑色
CZCE,SM,黑色
CZCE,ZC,黑色
